"","institution","size","focus","research","status","age","score_2014","score_2013","score_2012","rank_14","rank_13","rank_12","score","rank","country"
"1","MASSACHUSETTS INSTITUTE OF TECHNOLOGY (MIT)","M","Comprehensive","Very High","B","Historic",100,100,100,1,1,1,100,1,"United States"
"2","IMPERIAL COLLEGE LONDON","L","Full Comprehensive","Very High","A","Historic",99.4,,,2,,,99.4,2,"United Kingdom"
"3","UNIVERSITY OF CAMBRIDGE","L","Full Comprehensive","Very High","A","Historic",99.4,,,2,,,99.4,2,"United Kingdom"
"4","HARVARD UNIVERSITY","L","Full Comprehensive","Very High","B","Historic",99.3,99.2,99.15,3,2,2,99.2,3,"United States"
"5","UCL (UNIVERSITY COLLEGE LONDON)","L","Full Comprehensive","Very High","A","Historic",99.2,,,4,,,99.2,4,"United Kingdom"
"6","UNIVERSITY OF OXFORD","L","Full Comprehensive","Very High","A","Historic",99.2,,,4,,,99.2,4,"United Kingdom"
"7","YALE UNIVERSITY","L","Full Comprehensive","Very High","B","Historic",96.5,,,8,,,96.5,5,"United States"
"8","CALIFORNIA INSTITUTE OF TECHNOLOGY (CALTECH)","S","Comprehensive","Very High","B","Historic",97.1,96.1,95.05,6,5,5,96.1,6,"United States"
"9","PRINCETON UNIVERSITY","M","Comprehensive","Very High","B","Historic",96.6,96.1,95.37,7,5,4,96,7,"United States"
"10","UNIVERSITY OF CHICAGO","L","Full Comprehensive","Very High","B","Historic",95.5,96.2,96.27,9,4,3,96,8,"United States"
"11","STANFORD UNIVERSITY","L","Full Comprehensive","Very High","A","Historic",98.3,96.8,91.68,5,3,9,95.6,9,"United States"
"12","ETH ZURICH (SWISS FEDERAL INSTITUTE OF TECHNOLOGY)","L","Comprehensive","Very High","A","Historic",95.3,,,10,,,95.3,10,"Switzerland"
"13","UNIVERSITY OF PENNSYLVANIA","L","Full Comprehensive","Very High","B","Historic",94.5,93.8,94.5,11,6,7,94.3,11,"United States"
"14","COLUMBIA UNIVERSITY","L","Full Comprehensive","Very High","B","Historic",94.1,93.6,94.68,12,7,6,94.1,12,"United States"
"15","KING'S COLLEGE LONDON (KCL)","L","Full Comprehensive","Very High","A","Historic",92.9,,,13,,,92.9,13,"United Kingdom"
"16","UNIVERSITY OF EDINBURGH","L","Full Comprehensive","Very High","A","Historic",92.8,,,14,,,92.8,14,"United Kingdom"
"17","JOHNS HOPKINS UNIVERSITY","L","Full Comprehensive","Very High","B","Historic",94.1,92.1,91.18,12,9,10,92.5,15,"United States"
"18","CORNELL UNIVERSITY","L","Full Comprehensive","Very High","B","Historic",92.6,92.5,92.08,15,8,8,92.4,16,"United States"
"19","UNIVERSITY OF TORONTO","XL","Full Comprehensive","Very High","A","Historic",92.4,91.3,89.64,16,10,13,91.1,17,"Canada"
"20","MCGILL UNIVERSITY","L","Full Comprehensive","Very High","A","Historic",91.5,90.6,90.43,17,12,12,90.8,18,"Canada"
"21","UNIVERSITY OF MICHIGAN","XL","Full Comprehensive","Very High","A","Historic",90.3,90.5,91.17,19,13,11,90.7,19,"United States"
"22","DUKE UNIVERSITY","L","Full Comprehensive","Very High","B","Historic",89.6,90.1,89.5,22,14,14,89.7,20,"United States"
"23","ECOLE POLYTECHNIQUE FÉDÉRALE DE LAUSANNE (EPFL)","M","Focused","Very High","A","Historic",92.8,90.9,85.08,14,11,20,89.6,21,"Switzerland"
"24","NATIONAL UNIVERSITY OF SINGAPORE (NUS)","XL","Full Comprehensive","Very High","A","Historic",91.1,89.4,87.24,18,15,18,89.2,22,"Singapore"
"25","ECOLE NORMALE SUPÉRIEURE PARIS (ENS PARIS)","S","Specialist","Very High","B","Historic",90.2,87.8,,20,19,,89,23,"France"
"26","UNIVERSITY OF CALIFORNIA BERKELEY (UCB)","XL","Full Comprehensive","Very High","A","Historic",89.5,89,88.12,23,16,15,88.9,24,"United States"
"27","AUSTRALIAN NATIONAL UNIVERSITY (ANU)","L","Comprehensive","Very High","A","Mature",89.7,88.5,87.61,21,18,17,88.6,25,"Australia"
"28","UNIVERSITY OF BRISTOL","L","Full Comprehensive","Very High","A","Historic",88.5,,,25,,,88.5,26,"United Kingdom"
"29","UNIVERSITY OF HONG KONG (HKU)","L","Full Comprehensive","Very High","A","Historic",88.8,88.6,87.89,24,17,16,88.4,27,"Hong Kong"
"30","THE UNIVERSITY OF MANCHESTER","XL","Full Comprehensive","Very High","A","Historic",86.9,,,26,,,86.9,28,"United Kingdom"
"31","NORTHWESTERN UNIVERSITY","L","Full Comprehensive","Very High","B","Historic",86,87.3,85.44,29,20,19,86.2,29,"United States"
"32","THE UNIVERSITY OF TOKYO","L","Full Comprehensive","Very High","A","Historic",86.7,85.7,84.95,27,22,21,85.8,30,"Japan"
"33","THE UNIVERSITY OF MELBOURNE","XL","Full Comprehensive","Very High","A","Historic",86.5,86,83.16,28,21,25,85.2,31,"Australia"
"34","SEOUL NATIONAL UNIVERSITY (SNU)","L","Full Comprehensive","Very High","A","Mature",86.7,84.1,82.19,27,24,26,84.3,32,"Korea, South"
"35","KYOTO UNIVERSITY","L","Full Comprehensive","Very High","A","Historic",84.7,84.1,83.27,31,24,24,84,33,"Japan"
"36","THE HONG KONG UNIVERSITY OF SCIENCE AND TECHNOLOGY (HKUST)","M","Comprehensive","Very High","A","Young",83.3,84.4,83.48,34,23,23,83.7,34,"Hong Kong"
"37","UNIVERSITY OF CALIFORNIA LOS ANGELES (UCLA)","XL","Full Comprehensive","Very High","A","Mature",84.3,81.9,84.62,32,28,22,83.6,35,"United States"
"38","THE UNIVERSITY OF SYDNEY","XL","Full Comprehensive","Very High","A","Historic",84.3,82.9,81.31,32,26,28,82.8,36,"Australia"
"39","UNIVERSITY OF WISCONSIN-MADISON","XL","Full Comprehensive","Very High","A","Historic",82.5,83,81.43,35,25,27,82.3,37,"United States"
"40","ECOLE POLYTECHNIQUE PARISTECH","S","Comprehensive","Very High","A","Historic",85,81.1,79.55,30,29,30,81.9,38,"France"
"41","THE CHINESE UNIVERSITY OF HONG KONG (CUHK)","L","Full Comprehensive","Very High","A","Mature",81.9,82.3,80.09,39,27,29,81.4,39,"Hong Kong"
"42","NANYANG TECHNOLOGICAL UNIVERSITY (NTU)","L","Comprehensive","Very High","A","Young",84,81.1,77.69,33,29,35,80.9,40,"Singapore"
"43","NEW YORK UNIVERSITY (NYU)","XL","Full Comprehensive","Very High","B","Historic",82.5,80.8,78.94,35,31,32,80.7,41,"United States"
"44","THE UNIVERSITY OF QUEENSLAND (UQ)","XL","Full Comprehensive","Very High","A","Historic",82.4,80.9,78.22,36,30,34,80.5,42,"Australia"
"45","UNIVERSITY OF AMSTERDAM","L","Full Comprehensive","Very High","A","Historic",80.5,,,43,,,80.5,43,"Netherlands"
"46","RUPRECHT-KARLS-UNIVERSITÄT HEIDELBERG","XL","Full Comprehensive","Very High","A","Historic",81.1,79.3,,42,36,,80.2,44,"Germany"
"47","UNIVERSITY OF BRITISH COLUMBIA","XL","Full Comprehensive","Very High","A","Historic",82.3,79.4,78.55,37,35,33,80.1,45,"Canada"
"48","BROWN UNIVERSITY","M","Full Comprehensive","Very High","B","Historic",79.8,79.8,79.52,45,33,31,79.7,47,"United States"
"49","UNIVERSITY OF COPENHAGEN","L","Full Comprehensive","Very High","A","Historic",82,80.5,76.66,38,32,38,79.7,46,"Denmark"
"50","UNIVERSITY OF GLASGOW","L","Full Comprehensive","Very High","A","Historic",79.6,,,47,,,79.6,48,"United Kingdom"
"51","TSINGHUA UNIVERSITY","XL","Full Comprehensive","Very High","A","Historic",81.3,79.7,77.51,40,34,36,79.5,49,"China, People's Republic of"
"52","TECHNISCHE UNIVERSITÄT MÜNCHEN","XL","Comprehensive","Very High","A","Historic",79.7,78.5,,46,38,,79.1,50,"Germany"
"53","THE UNIVERSITY OF NEW SOUTH WALES (UNSW)","XL","Full Comprehensive","Very High","A","Mature",81.2,78.8,76.63,41,37,39,78.9,51,"Australia"
"54","PEKING UNIVERSITY","XL","Full Comprehensive","Very High","A","Historic",78.8,,,48,,,78.8,52,"China, People's Republic of"
"55","THE UNIVERSITY OF WARWICK","L","Full Comprehensive","Very High","A","Mature",78.1,,,51,,,78.1,53,"United Kingdom"
"56","OSAKA UNIVERSITY","L","Full Comprehensive","Very High","A","Mature",79.6,76.9,76.84,47,40,37,77.8,54,"Japan"
"57","UNIVERSITY OF BIRMINGHAM","L","Full Comprehensive","Very High","A","Historic",76.7,,,54,,,76.7,55,"United Kingdom"
"58","UNIVERSITY OF NORTH CAROLINA CHAPEL HILL","L","Full Comprehensive","Very High","A","Historic",77.5,77,75.36,52,39,41,76.6,56,"United States"
"59","CARNEGIE MELLON UNIVERSITY","L","Full Comprehensive","Very High","B","Historic",76.5,,,55,,,76.5,57,"United States"
"60","UNIVERSITY OF ILLINOIS AT URBANA-CHAMPAIGN","XL","Full Comprehensive","Very High","A","Historic",76.9,76.7,75.47,53,41,40,76.4,58,"United States"
"61","KAIST - KOREA ADVANCED INSTITUTE OF SCIENCE AND TECHNOLOGY","M","Comprehensive","Very High","A","Established",79.9,75.8,71.77,44,43,45,75.8,59,"Korea, South"
"62","LUDWIG-MAXIMILIANS-UNIVERSITÄT MÜNCHEN","XL","Full Comprehensive","Very High","A","Historic",79.8,74.4,72.85,45,46,43,75.7,61,"Germany"
"63","THE UNIVERSITY OF SHEFFIELD","L","Full Comprehensive","Very High","A","Historic",75.7,,,58,,,75.7,60,"United Kingdom"
"64","UNIVERSITY OF WASHINGTON","XL","Full Comprehensive","Very High","A","Historic",76.5,76.2,73.7,55,42,42,75.5,62,"United States"
"65","LONDON SCHOOL OF ECONOMICS AND POLITICAL SCIENCE (LSE)","M","Specialist","Very High","A","Historic",75.3,,,60,,,75.3,63,"United Kingdom"
"66","TRINITY COLLEGE DUBLIN (TCD)","L","Full Comprehensive","Very High","A","Historic",75.3,75.1,,60,44,,75.2,64,"Ireland"
"67","THE UNIVERSITY OF NOTTINGHAM","XL","Full Comprehensive","Very High","A","Historic",74.9,,,63,,,74.9,65,"United Kingdom"
"68","UNIVERSITY OF CALIFORNIA SAN DIEGO (UCSD)","L","Full Comprehensive","Very High","A","Mature",78.6,74.8,70.93,49,45,49,74.8,66,"United States"
"69","UTRECHT UNIVERSITY","L","Full Comprehensive","Very High","A","Historic",74.5,,,66,,,74.5,67,"Netherlands"
"70","LUND UNIVERSITY","L","Full Comprehensive","Very High","A","Historic",78.3,74,70.87,50,48,50,74.4,68,"Sweden"
"71","TOKYO INSTITUTE OF TECHNOLOGY","M","Comprehensive","Very High","A","Historic",76.3,74.2,71.35,57,47,47,74,69,"Japan"
"72","MONASH UNIVERSITY","XL","Full Comprehensive","Very High","A","Mature",75.5,73.7,72.16,59,49,44,73.8,70,"Australia"
"73","UNIVERSITY OF HELSINKI","L","Comprehensive","Very High","A","Historic",76.4,73.7,70.07,56,49,53,73.4,71,"Finland"
"74","UNIVERSITY OF ZURICH","L","Full Comprehensive","Very High","A","Historic",78.8,72.9,68.32,48,54,63,73.3,72,"Switzerland"
"75","BOSTON UNIVERSITY","L","Full Comprehensive","Very High","B","Historic",74.8,72.5,71.66,64,55,46,73,74,"United States"
"76","LEIDEN UNIVERSITY","L","Full Comprehensive","Very High","A","Historic",75.2,73.2,70.5,61,51,52,73,75,"Netherlands"
"77","TOHOKU UNIVERSITY","L","Full Comprehensive","Very High","A","Historic",75.3,73.1,70.5,60,52,52,73,75,"Japan"
"78","UNIVERSITY OF TEXAS AT AUSTIN","XL","Full Comprehensive","Very High","A","Historic",74.6,73.3,71.23,65,50,48,73,73,"United States"
"79","DELFT UNIVERSITY OF TECHNOLOGY","L","Comprehensive","Very High","A","Historic",72.9,,,72,,,72.9,76,"Netherlands"
"80","UNIVERSITY OF ST ANDREWS","M","Full Comprehensive","Very High","A","Historic",72.7,,,73,,,72.7,77,"United Kingdom"
"81","KATHOLIEKE UNIVERSITEIT LEUVEN","XL","Full Comprehensive","Very High","A","Historic",74.1,73,69.72,68,53,57,72.3,80,"Belgium"
"82","NATIONAL TAIWAN UNIVERSITY (NTU)","XL","Full Comprehensive","Very High","A","Mature",75.1,72,69.92,62,56,55,72.3,78,"China, Republic of (Taiwan)"
"83","UNIVERSITY OF GENEVA","L","Full Comprehensive","Very High","A","Historic",73.1,73.3,70.61,71,50,51,72.3,79,"Switzerland"
"84","UPPSALA UNIVERSITY","L","Full Comprehensive","Very High","A","Historic",74.2,72.5,69.75,67,55,56,72.2,81,"Sweden"
"85","DURHAM UNIVERSITY","L","Full Comprehensive","High","A","Historic",72,,,76,,,72,82,"United Kingdom"
"86","UNIVERSITY OF SOUTHAMPTON","L","Full Comprehensive","Very High","A","Historic",71.9,,,77,,,71.9,83,"United Kingdom"
"87","FUDAN UNIVERSITY","L","Full Comprehensive","Very High","A","Historic",75.3,70.8,68.32,60,60,63,71.5,84,"China, People's Republic of"
"88","THE UNIVERSITY OF WESTERN AUSTRALIA (UWA)","L","Full Comprehensive","Very High","A","Historic",72.6,71.4,69.97,74,57,54,71.3,85,"Australia"
"89","UNIVERSITY OF LEEDS","L","Full Comprehensive","Very High","A","Historic",71.3,,,80,,,71.3,86,"United Kingdom"
"90","QUEEN MARY UNIVERSITY OF LONDON (QMUL)","L","Full Comprehensive","Very High","A","Historic",71.2,,,81,,,71.2,87,"United Kingdom"
"91","THE UNIVERSITY OF AUCKLAND","L","Full Comprehensive","Very High","A","Historic",72,69.8,69.29,76,64,58,70.4,88,"New Zealand"
"92","WASHINGTON UNIVERSITY IN ST. LOUIS","L","Full Comprehensive","Very High","B","Historic",70.8,71,69.14,82,59,59,70.3,89,"United States"
"93","AARHUS UNIVERSITY","L","Full Comprehensive","Very High","A","Mature",71.6,70.3,68.36,79,62,62,70.1,90,"Denmark"
"94","UNIVERSITY OF CALIFORNIA DAVIS (UCD)","XL","Full Comprehensive","Very High","A","Historic",71.7,71.3,65.85,78,58,68,69.6,91,"United States"
"95","ERASMUS UNIVERSITY ROTTERDAM","L","Focused","Very High","A","Historic",72.1,70.2,65.87,75,63,67,69.4,92,"Netherlands"
"96","POHANG UNIVERSITY OF SCIENCE AND TECHNOLOGY (POSTECH)","S","Focused","Very High","B","Established",72.9,67.5,66.79,72,71,65,69.1,94,"Korea, South"
"97","UNIVERSITÉ DE MONTRÉAL","XL","Full Comprehensive","Very High","A","Historic",73.6,70.2,63.47,69,63,80,69.1,93,"Canada"
"98","UNIVERSITY OF ALBERTA","XL","Full Comprehensive","Very High","A","Historic",73.3,69.3,64.22,70,65,75,68.9,95,"Canada"
"99","NAGOYA UNIVERSITY","L","Full Comprehensive","Very High","A","Historic",69.4,68.4,68.57,86,67,60,68.8,96,"Japan"
"100","UNIVERSITY OF GRONINGEN","L","Full Comprehensive","Very High","A","Historic",72.1,69.2,64.18,75,66,76,68.5,97,"Netherlands"
"101","GEORGIA INSTITUTE OF TECHNOLOGY (GEORGIA TECH)","L","Comprehensive","Very High","A","Historic",68.3,68.4,68.38,90,67,61,68.4,98,"United States"
"102","PURDUE UNIVERSITY","XL","Full Comprehensive","Very High","A","Historic",69.5,68.4,66.88,85,67,64,68.3,99,"United States"
"103","UNIVERSITY OF OSLO","L","Full Comprehensive","Very High","A","Historic",70.1,70.6,63.73,84,61,77,68.1,100,"Norway"
"104","KTH ROYAL INSTITUTE OF TECHNOLOGY","M","Comprehensive","Very High","A","Historic",67.9,,,93,,,67.9,101,"Sweden"
"105","THE UNIVERSITY OF ADELAIDE","L","Full Comprehensive","Very High","A","Historic",70.5,67.7,65.27,83,69,70,67.8,102,"Australia"
"106","CITY UNIVERSITY OF HONG KONG","M","Comprehensive","Very High","A","Established",68.2,67.7,66.88,91,69,64,67.6,103,"Hong Kong"
"107","UNIVERSITY OF PITTSBURGH","L","Full Comprehensive","Very High","A","Historic",67.7,67.6,66.13,94,70,66,67.1,104,"United States"
"108","PENNSYLVANIA STATE UNIVERSITY","XL","Full Comprehensive","Very High","A","Historic",67.5,67.5,65.7,95,71,69,66.9,105,"United States"
"109","OHIO STATE UNIVERSITY","XL","Full Comprehensive","Very High","A","Historic",68.1,65.8,64.65,92,76,72,66.2,106,"United States"
"110","UNIVERSITY OF MINNESOTA","XL","Full Comprehensive","Very High","A","Historic",65.7,67.9,64.86,101,68,71,66.2,107,"United States"
"111","UNIVERSITY OF LAUSANNE","M","Comprehensive","Very High","A","Historic",68.9,66.1,62.35,88,74,81,65.8,108,"Switzerland"
"112","UNIVERSITÄT FREIBURG","L","Full Comprehensive","Very High","A","Historic",64.8,67.9,64.44,103,68,73,65.7,109,"Germany"
"113","YONSEI UNIVERSITY","L","Full Comprehensive","Very High","B","Historic",68.4,65.1,63.54,89,77,78,65.7,110,"Korea, South"
"114","UNIVERSITY OF YORK","L","Full Comprehensive","Very High","A","Mature",65.1,,,102,,,65.1,111,"United Kingdom"
"115","MAASTRICHT UNIVERSITY","L","Comprehensive","Very High","A","Established",65.8,63.8,64.37,100,81,74,64.7,112,"Netherlands"
"116","CARDIFF UNIVERSITY","L","Full Comprehensive","Very High","A","Historic",64.5,,,105,,,64.5,113,"United Kingdom"
"117","UNIVERSITY OF LIVERPOOL","L","Full Comprehensive","Very High","A","Historic",64.5,,,105,,,64.5,113,"United Kingdom"
"118","NEWCASTLE UNIVERSITY","L","Full Comprehensive","Very High","A","Mature",64.3,,,107,,,64.3,114,"United Kingdom"
"119","LOMONOSOV MOSCOW STATE UNIVERSITY","XL","Full Comprehensive","Very High","A","Historic",66.9,63.9,61.79,97,80,82,64.2,116,"Russia"
"120","SHANGHAI JIAO TONG UNIVERSITY","XL","Full Comprehensive","Very High","A","Historic",69.1,63.6,59.88,87,83,90,64.2,117,"China, People's Republic of"
"121","UNIVERSITY OF BASEL","L","Full Comprehensive","Very High","A","Historic",66,66.2,60.54,99,73,87,64.2,115,"Switzerland"
"122","FREIE UNIVERSITÄT BERLIN","XL","Full Comprehensive","High","A","Mature",61.1,66.9,,123,72,,64,118,"Germany"
"123","UNIVERSITY OF GHENT","XL","Full Comprehensive","Very High","A","Historic",64.2,63.7,,108,82,,64,119,"Belgium"
"124","UNIVERSITÉ PIERRE ET MARIE CURIE (UPMC)","L","Comprehensive","Very High","A","Historic",66.2,65.9,59.58,98,75,92,63.9,120,"France"
"125","HUMBOLDT-UNIVERSITÄT ZU BERLIN","XL","Full Comprehensive","High","A","Historic",63.7,,,111,,,63.7,121,"Germany"
"126","DARTMOUTH COLLEGE","M","Full Comprehensive","Very High","B","Historic",63.3,64.1,63.49,113,79,79,63.6,122,"United States"
"127","UNIVERSITY OF MARYLAND COLLEGE PARK","XL","Full Comprehensive","Very High","A","Historic",64.7,64.7,61.46,104,78,83,63.6,123,"United States"
"128","UNIVERSIDADE DE SÃO PAULO (USP)","XL","Full Comprehensive","Very High","A","Mature",63.9,63,,110,85,,63.5,124,"Brazil"
"129","UNIVERSITY OF ABERDEEN","L","Full Comprehensive","High","A","Historic",62.9,,,114,,,62.9,125,"United Kingdom"
"130","UNIVERSITY OF CALIFORNIA SANTA BARBARA (UCSB)","L","Comprehensive","Very High","A","Historic",63.9,62.2,61.34,110,87,84,62.5,126,"United States"
"131","KIT KARLSRUHER INSTITUT FÜR TECHNOLOGIE","L","Comprehensive","Very High","A","Mature",64.3,64.7,57.86,107,78,101,62.3,127,"Germany"
"132","RICE UNIVERSITY","M","Full Comprehensive","Very High","B","Historic",64.2,61.7,60.76,108,91,86,62.2,128,"United States"
"133","KYUSHU UNIVERSITY","L","Full Comprehensive","Very High","A","Historic",64.4,62,59.59,106,89,91,62,130,"Japan"
"134","UNIVERSITY OF SOUTHERN CALIFORNIA","XL","Full Comprehensive","Very High","B","Historic",64,63.2,58.8,109,84,95,62,129,"United States"
"135","TECHNICAL UNIVERSITY OF DENMARK","M","Focused","Very High","A","Historic",64.5,61.8,59.03,105,90,94,61.8,131,"Denmark"
"136","GEORG-AUGUST-UNIVERSITÄT GÖTTINGEN","L","Full Comprehensive","Very High","A","Historic",61.5,62.8,60.89,121,86,85,61.7,132,"Germany"
"137","KOREA UNIVERSITY","L","Full Comprehensive","Very High","B","Historic",66,60.5,58.36,99,97,98,61.6,133,"Korea, South"
"138","MCMASTER UNIVERSITY","L","Full Comprehensive","Very High","A","Historic",67.4,61,56.1,96,93,107,61.5,134,"Canada"
"139","UNIVERSITY OF VIRGINIA","L","Full Comprehensive","Very High","A","Historic",62,62.1,60.4,118,88,89,61.5,134,"United States"
"140","UNIVERSITY OF CAPE TOWN","L","Full Comprehensive","Very High","A","Historic",62,60.5,,118,97,,61.2,135,"South Africa"
"141","UNIVERSITY COLLEGE DUBLIN (UCD)","L","Full Comprehensive","Very High","A","Historic",62.6,61.2,59.05,116,92,93,61,136,"Ireland"
"142","HOKKAIDO UNIVERSITY","L","Full Comprehensive","Very High","A","Historic",63.4,60.6,58.3,112,96,99,60.8,137,"Japan"
"143","UNIVERSITÉ CATHOLIQUE DE LOUVAIN (UCL)","L","Full Comprehensive","Very High","B","Historic",60.7,,,126,,,60.7,138,"Belgium"
"144","HEBREW UNIVERSITY OF JERUSALEM","L","Full Comprehensive","Very High","A","Mature",62.7,60.9,58,115,94,100,60.5,139,"Israel"
"145","EBERHARD KARLS UNIVERSITÄT TÜBINGEN","L","Full Comprehensive","Very High","A","Historic",62,61.8,57.35,118,90,102,60.4,141,"Germany"
"146","EMORY UNIVERSITY","L","Full Comprehensive","Very High","B","Historic",60,60.9,60.44,128,94,88,60.4,140,"United States"
"147","RADBOUD UNIVERSITY NIJMEGEN","L","Full Comprehensive","Very High","A","Mature",60,60.8,58.52,128,95,97,59.8,142,"Netherlands"
"148","UNIVERSITY OF BERGEN","M","Full Comprehensive","Very High","A","Mature",60.3,59.2,,127,101,,59.8,143,"Norway"
"149","LANCASTER UNIVERSITY","M","Full Comprehensive","Very High","A","Mature",59.7,,,130,,,59.7,144,"United Kingdom"
"150","UNIVERSITY OF EXETER","L","Full Comprehensive","High","A","Mature",59.6,,,131,,,59.6,145,"United Kingdom"
"151","NANJING UNIVERSITY","XL","Full Comprehensive","Very High","A","Historic",59.3,,,132,,,59.3,146,"China, People's Republic of"
"152","RHEINISCH-WESTFÄLISCHE TECHNISCHE HOCHSCHULE AACHEN","XL","Full Comprehensive","Very High","A","Historic",61.2,60.1,56.33,122,98,105,59.2,147,"Germany"
"153","UNIVERSITI MALAYA (UM)","L","Full Comprehensive","Very High","A","Historic",61,56.9,,124,113,,59,150,"Malaysia"
"154","UNIVERSITY OF OTAGO","L","Full Comprehensive","Very High","A","Historic",59.9,58.2,,129,104,,59,148,"New Zealand"
"155","UNIVERSITY OF ROCHESTER","M","Full Comprehensive","Very High","B","Historic",59,59.2,58.71,133,101,96,59,149,"United States"
"156","UNIVERSITY OF BERN","L","Comprehensive","Very High","A","Historic",61.8,58.4,56.5,120,103,104,58.9,151,"Switzerland"
"157","UNIVERSITY OF CALIFORNIA IRVINE (UCI)","L","Full Comprehensive","Very High","A","Established",60.8,59.6,55.65,125,99,109,58.7,152,"United States"
"158","WAGENINGEN UNIVERSITY","M","Focused","Very High","A","Mature",61,59.4,54.58,124,100,114,58.3,153,"Netherlands"
"159","EINDHOVEN UNIVERSITY OF TECHNOLOGY","M","Focused","Very High","A","Mature",61.2,58,54.87,122,105,111,58,154,"Netherlands"
"160","QUEEN'S UNIVERSITY OF BELFAST","L","Full Comprehensive","Very High","A","Historic",57.7,,,138,,,57.7,155,"United Kingdom"
"161","UNIVERSITÉ LIBRE DE BRUXELLES (ULB)","L","Full Comprehensive","Very High","A","Historic",57.5,,,140,,,57.5,156,"Belgium"
"162","UNIVERSITÄT WIEN","XL","Full Comprehensive","High","A","Historic",60,,54.6,128,,113,57.3,157,"Austria"
"163","ZHEJIANG UNIVERSITY","XL","Full Comprehensive","Very High","A","Historic",61.9,57.2,52.77,119,111,119,57.3,158,"China, People's Republic of"
"164","SUNGKYUNKWAN UNIVERSITY","L","Full Comprehensive","Very High","B","Historic",62.2,57.4,51.74,117,109,123,57.1,160,"Korea, South"
"165","TEXAS A&M UNIVERSITY","XL","Full Comprehensive","Very High","A","Historic",58.8,58.7,53.71,134,102,116,57.1,161,"United States"
"166","THE HONG KONG POLYTECHNIC UNIVERSITY","L","Comprehensive","Very High","A","Young",59.3,57.5,54.62,132,108,112,57.1,159,"Hong Kong"
"167","UNIVERSIDAD NACIONAL AUTÓNOMA DE MÉXICO (UNAM)","XL","Full Comprehensive","Very High","A","Historic",56.9,57.3,56.77,141,110,103,57,162,"Mexico"
"168","RHEINISCHE FRIEDRICH-WILHELMS-UNIVERSITÄT BONN","L","Full Comprehensive","Very High","A","Historic",56.8,57.3,56.32,142,110,106,56.8,163,"Germany"
"169","ECOLE NORMALE SUPÉRIEURE DE LYON","S","Comprehensive","Very High","A","Historic",56.3,57.7,56.09,144,106,108,56.7,164,"France"
"170","UNIVERSITAT AUTÓNOMA DE BARCELONA","XL","Full Comprehensive","Very High","A","Established",57.5,55.6,,140,119,,56.5,165,"Spain"
"171","UNIVERSITY OF BATH","L","Comprehensive","Very High","A","Established",56.3,,,144,,,56.3,167,"United Kingdom"
"172","UNIVERSITY OF COLORADO AT BOULDER","L","Comprehensive","Very High","A","Historic",55.8,57.6,55.49,146,107,110,56.3,168,"United States"
"173","UNIVERSITY OF WATERLOO","XL","Comprehensive","Very High","A","Mature",57.8,54.9,,137,122,,56.3,166,"Canada"
"174","STOCKHOLM UNIVERSITY","XL","Comprehensive","Very High","A","Historic",55.8,56.4,,146,114,,56.1,169,"Sweden"
"175","UNIVERSITY OF SCIENCE AND TECHNOLOGY OF CHINA","L","Comprehensive","Very High","A","Mature",61.2,55.9,50.99,122,117,127,56,170,"China, People's Republic of"
"176","AALTO UNIVERSITY","L","Focused","Very High","A","Historic",55.5,,,148,,,55.5,171,"Finland"
"177","CASE WESTERN RESERVE UNIVERSITY","M","Full Comprehensive","Very High","B","Historic",55.4,55.7,53.82,149,118,115,55,174,"United States"
"178","PONTIFICIA UNIVERSIDAD CATÓLICA DE CHILE","L","Full Comprehensive","High","B","Historic",58.3,57,49.65,136,112,134,55,173,"Chile"
"179","UNIVERSITAT DE BARCELONA (UB)","XL","Full Comprehensive","Very High","A","Historic",58.7,55.4,50.88,135,120,128,55,172,"Spain"
"180","VANDERBILT UNIVERSITY","L","Full Comprehensive","Very High","B","Historic",55.8,54.8,53.48,146,123,117,54.7,176,"United States"
"181","VRIJE UNIVERSITEIT AMSTERDAM","L","Full Comprehensive","Very High","A","Historic",57.6,54.8,51.84,139,123,122,54.7,175,"Netherlands"
"182","KEIO UNIVERSITY","XL","Full Comprehensive","Very High","B","Historic",54.4,,,154,,,54.4,177,"Japan"
"183","MICHIGAN STATE UNIVERSITY","XL","Full Comprehensive","Very High","A","Historic",54.6,56.2,52.3,153,115,120,54.4,178,"United States"
"184","UNIVERSIDAD DE BUENOS AIRES","XL","Full Comprehensive","Very High","A","Historic",54.3,,,155,,,54.3,179,"Argentina"
"185","UNIVERSITY OF FLORIDA","XL","Full Comprehensive","Very High","B","Historic",54.9,55,52.92,152,121,118,54.3,180,"United States"
"186","VRIJE UNIVERSITEIT BRUSSEL (VUB)","M","Full Comprehensive","Very High","A","Historic",56.2,56.1,50.47,145,116,129,54.3,181,"Belgium"
"187","UNIVERSITY OF ANTWERP","L","Full Comprehensive","Very High","A","Established",53.6,54.2,,158,125,,53.9,182,"Belgium"
"188","UNIVERSITY OF SUSSEX","L","Full Comprehensive","High","A","Mature",53.9,,,156,,,53.9,183,"United Kingdom"
"189","QUEEN'S UNIVERSITY","L","Full Comprehensive","Very High","A","Historic",55.5,53.7,52.08,148,128,121,53.8,185,"Canada"
"190","UNIVERSITY OF READING","L","Comprehensive","Very High","A","Historic",53.8,,,157,,,53.8,184,"United Kingdom"
"191","WESTERN UNIVERSITY","L","Full Comprehensive","Very High","A","Historic",55.2,52.4,,151,132,,53.8,184,"Canada"
"192","NATIONAL TSING HUA UNIVERSITY","M","Comprehensive","Very High","A","Mature",58.3,52.4,50.15,136,132,131,53.6,186,"China, Republic of (Taiwan)"
"193","UNIVERSITY OF ILLINOIS CHICAGO (UIC)","L","Full Comprehensive","Very High","A","Historic",55.7,53.5,51.55,147,129,124,53.6,187,"United States"
"194","UNIVERSITÀ DI BOLOGNA (UNIBO)","XL","Full Comprehensive","Very High","A","Historic",55.8,53.8,49.77,146,127,133,53.1,188,"Italy"
"195","GEORGETOWN UNIVERSITY","L","Full Comprehensive","High","B","Historic",53.9,53.7,51.15,156,128,126,52.9,189,"United States"
"196","UNIVERSIDAD AUTÓNOMA DE MADRID","L","Full Comprehensive","Very High","A","Established",56.5,52.7,48.79,143,130,140,52.7,191,"Spain"
"197","UNIVERSITY OF LEICESTER","L","Full Comprehensive","Very High","A","Mature",52.7,,,163,,,52.7,190,"United Kingdom"
"198","TECHNISCHE UNIVERSITÄT BERLIN","L","Comprehensive","Very High","A","Historic",54.9,54.6,48.42,152,124,141,52.6,192,"Germany"
"199","UNIVERSITÄT HAMBURG","XL","Full Comprehensive","Very High","A","Mature",54.9,54.1,48.89,152,126,139,52.6,193,"Germany"
"200","UNIVERSITY OF CALGARY","L","Full Comprehensive","Very High","A","Established",57.6,52.2,47.8,139,133,147,52.5,194,"Canada"
"201","TECHNION - ISRAEL INSTITUTE OF TECHNOLOGY","L","Full Comprehensive","Very High","A","Mature",55.3,54.6,47.03,150,124,150,52.3,195,"Israel"
"202","CHALMERS UNIVERSITY OF TECHNOLOGY","M","Comprehensive","Very High","B","Historic",56.9,52.1,46.65,141,134,151,51.9,196,"Sweden"
"203","TEL AVIV UNIVERSITY","L","Full Comprehensive","Very High","A","Mature",54.6,52.6,48.21,153,131,143,51.8,198,"Israel"
"204","TUFTS UNIVERSITY","M","Full Comprehensive","Very High","B","Historic",51.9,52,51.53,165,135,125,51.8,197,"United States"
"205","UNIVERSITY OF GOTHENBURG","L","Full Comprehensive","Very High","A","Historic",53.5,51.8,50.04,159,136,132,51.8,199,"Sweden"
"206","UNIVERSITÉ PARIS-SUD 11","L","Comprehensive","Very High","A","Historic",53.3,53.7,47.09,161,128,149,51.4,200,"France"
"207","SAPIENZA - UNIVERSITÀ DI ROMA","XL","Full Comprehensive","Very High","A","Historic",53.8,52.6,47.59,157,131,148,51.3,201,"Italy"
"208","UNIVERSITY OF TSUKUBA","L","Full Comprehensive","Very High","A","Established",54.3,50.6,48.98,155,138,138,51.3,202,"Japan"
"209","UNIVERSITY OF ARIZONA","XL","Full Comprehensive","Very High","A","Historic",51.8,50.5,51.15,166,139,126,51.1,203,"United States"
"210","UNIVERSITY OF TURKU","L","Full Comprehensive","High","A","Mature",53.4,51.8,48.01,160,136,145,51.1,204,"Finland"
"211","UNIVERSITÄT FRANKFURT AM MAIN","XL","Full Comprehensive","Very High","A","Historic",51.6,51,49.11,167,137,137,50.6,205,"Germany"
"212","SCIENCES PO PARIS","M","Specialist","High","A","Historic",50.7,50.2,,171,140,,50.5,206,"France"
"213","UNIVERSITÉ PARIS-SORBONNE (PARIS IV)","L","Specialist","Very High","A","Historic",50.3,49.9,,174,142,,50.1,208,"France"
"214","UNIVERSITY COLLEGE CORK (UCC)","L","Full Comprehensive","High","A","Historic",49.5,50.6,50.24,177,138,130,50.1,207,"Ireland"
"215","POLITECNICO DI MILANO","XL","Focused","Very High","A","Historic",49.9,,,176,,,49.9,210,"Italy"
"216","UNIVERSIDADE ESTADUAL DE CAMPINAS (UNICAMP)","L","Full Comprehensive","Very High","A","Established",53.5,50.1,45.99,159,141,156,49.9,211,"Brazil"
"217","WASEDA UNIVERSITY","XL","Comprehensive","Very High","B","Historic",50.9,49.6,49.22,170,143,135,49.9,209,"Japan"
"218","UNIVERSITÉ PARIS DIDEROT - PARIS 7","L","Full Comprehensive","Very High","A","Historic",53,51.8,44.41,162,136,161,49.7,212,"France"
"219","KING FAHD UNIVERSITY OF PETROLEUM & MINERALS (KFUPM)","M","Focused","Very High","A","Mature",50.5,49.9,48.38,172,142,142,49.6,213,"Saudi Arabia"
"220","UNIVERSITY OF DUNDEE","M","Full Comprehensive","Very High","A","Historic",49.5,,,177,,,49.5,214,"United Kingdom"
"221","UNIVERSIDAD COMPLUTENSE DE MADRID (UCM)","XL","Full Comprehensive","Very High","A","Historic",52.2,49.9,46.22,164,142,154,49.4,215,"Spain"
"222","UNIVERSITY OF TWENTE","M","Focused","Very High","A","Mature",52.2,48,46.45,164,150,152,48.9,216,"Netherlands"
"223","UNIVERSIDAD DE CHILE","XL","Full Comprehensive","High","A","Historic",50.9,49.3,46.33,170,145,153,48.8,217,"Chile"
"224","UNIVERSITÉ PARIS 1 PANTHÉON-SORBONNE","XL","Focused","High","A","Historic",50,49.1,47.09,175,147,149,48.7,218,"France"
"225","INDIAN INSTITUTE OF TECHNOLOGY DELHI (IITD)","M","Comprehensive","Very High","A","Mature",48.6,49.4,47.83,181,144,146,48.6,219,"India"
"226","NATIONAL CHIAO TUNG UNIVERSITY","M","Comprehensive","Very High","A","Historic",53.8,47.5,43.8,157,151,163,48.4,220,"China, Republic of (Taiwan)"
"227","INDIAN INSTITUTE OF TECHNOLOGY BOMBAY (IITB)","M","Comprehensive","Very High","A","Mature",50.7,47.1,46.18,171,153,155,48,222,"India"
"228","UNIVERSITÉ JOSEPH FOURIER - GRENOBLE 1","L","Comprehensive","Very High","A","Historic",51.8,49.6,42.71,166,143,166,48,221,"France"
"229","UNIVERSITÉ DE STRASBOURG","XL","Full Comprehensive","High","A","Historic",50.4,48.5,44.79,173,148,159,47.9,223,"France"
"230","UNIVERSITY OF OTTAWA","XL","Full Comprehensive","Very High","A","Historic",51.3,48.4,43.46,168,149,164,47.7,224,"Canada"
"231","CHULALONGKORN UNIVERSITY","XL","Full Comprehensive","High","A","Mature",47.1,46.1,49.11,187,157,137,47.4,225,"Thailand"
"232","UNIVERSITY OF EAST ANGLIA (UEA)","L","Full Comprehensive","High","A","Mature",47.4,,,185,,,47.4,226,"United Kingdom"
"233","UNIVERSITY OF NOTRE DAME","M","Comprehensive","Very High","B","Historic",48.5,49.2,44.39,182,146,162,47.4,227,"United States"
"234","DALHOUSIE UNIVERSITY","L","Full Comprehensive","Very High","A","Historic",48.6,45.6,,181,159,,47.1,228,"Canada"
"235","UNIVERSITY OF IOWA","L","Full Comprehensive","Very High","A","Historic",44.7,46.5,49.18,202,155,136,46.8,229,"United States"
"236","UNIVERSITY OF CANTERBURY","M","Comprehensive","Very High","A","Historic",47.2,46.2,,186,156,,46.7,230,"New Zealand"
"237","UNIVERSITY OF MIAMI","L","Full Comprehensive","Very High","B","Mature",47.6,47.3,45.14,184,152,158,46.7,231,"United States"
"238","UNIVERSITY OF STRATHCLYDE","L","Comprehensive","Very High","A","Historic",46.4,,,190,,,46.4,232,"United Kingdom"
"239","WESTFÄLISCHE WILHELMS-UNIVERSITÄT MÜNSTER","XL","Full Comprehensive","Very High","A","Historic",46.2,46.5,,191,155,,46.4,233,"Germany"
"240","HANYANG UNIVERSITY","L","Full Comprehensive","Very High","B","Mature",51.1,45.3,42.46,169,162,167,46.3,234,"Korea, South"
"241","KING SAUD UNIVERSITY (KSU)","XL","Full Comprehensive","Very High","A","Mature",46.2,,,191,,,46.2,236,"Saudi Arabia"
"242","TECHNISCHE UNIVERSITÄT DRESDEN","XL","Full Comprehensive","Very High","A","Historic",49.1,43.4,,180,172,,46.2,235,"Germany"
"243","INDIANA UNIVERSITY BLOOMINGTON","XL","Full Comprehensive","Very High","A","Historic",44.4,45.9,48.15,204,158,144,46.1,237,"United States"
"244","SAINT-PETERSBURG STATE UNIVERSITY","L","Full Comprehensive","High","A","Historic",49.2,45.9,41.88,179,158,171,45.7,238,"Russia"
"245","SIMON FRASER UNIVERSITY","L","Comprehensive","Very High","A","Established",50.7,45.6,40.11,171,159,191,45.5,240,"Canada"
"246","UNIVERSITÀ DEGLI STUDI DI MILANO","XL","Full Comprehensive","Very High","A","Mature",48.2,46.8,41.57,183,154,173,45.5,239,"Italy"
"247","UNIVERSITÀ DI PISA","XL","Full Comprehensive","Very High","A","Historic",46.9,43.9,,189,169,,45.4,241,"Italy"
"248","NATIONAL CHENG KUNG UNIVERSITY","L","Full Comprehensive","Very High","A","Mature",49.3,45.5,40.88,178,160,182,45.2,242,"China, Republic of (Taiwan)"
"249","UNIVERSITY OF LIEGE","L","Full Comprehensive","Very High","A","Historic",44.4,45.9,,204,158,,45.1,243,"Belgium"
"250","UNIVERSITÄT STUTTGART","L","Comprehensive","Very High","A","Historic",44.3,45.4,45.36,205,161,157,45,244,"Germany"
"251","LOUGHBOROUGH UNIVERSITY","L","Focused","Very High","A","Established",44.9,,,200,,,44.9,245,"United Kingdom"
"252","BEIJING NORMAL UNIVERSITY","L","Comprehensive","Very High","A","Historic",47.4,44.8,41.96,185,165,170,44.7,246,"China, People's Republic of"
"253","CHARLES UNIVERSITY","XL","Full Comprehensive","Very High","A","Historic",47,47.1,39.87,188,153,195,44.7,247,"Czech Republic"
"254","MACQUARIE UNIVERSITY","L","Full Comprehensive","High","A","Mature",45.8,43.3,44.71,193,173,160,44.6,248,"Australia"
"255","AMERICAN UNIVERSITY OF BEIRUT (AUB)","M","Full Comprehensive","High","B","Historic",46.2,45.1,42.21,191,163,168,44.5,249,"Lebanon"
"256","KYUNG HEE UNIVERSITY","L","Full Comprehensive","Very High","B","Mature",44.2,44.5,,206,167,,44.4,250,"Korea, South"
"257","ROYAL HOLLOWAY UNIVERSITY OF LONDON","M","Comprehensive","Very High","A","Historic",44.2,,,206,,,44.2,251,"United Kingdom"
"258","VICTORIA UNIVERSITY OF WELLINGTON","L","Comprehensive","Very High","A","Historic",44.2,,,206,,,44.2,251,"New Zealand"
"259","UNIVERSITÄT ULM","M","Comprehensive","Very High","A","Established",46.2,44,42.18,191,168,169,44.1,252,"Germany"
"260","UNIVERSITI KEBANGSAAN MALAYSIA (UKM)","L","Full Comprehensive","Very High","A","Established",45.4,42.7,,196,177,,44,253,"Malaysia"
"261","UNIVERSITY OF OULU","M","Full Comprehensive","Very High","A","Mature",45.4,44.7,41.21,196,166,176,43.8,254,"Finland"
"262","NORWEGIAN UNIVERSITY OF SCIENCE AND TECHNOLOGY","L","Full Comprehensive","Very High","A","Historic",46.4,45,39.67,190,164,197,43.7,255,"Norway"
"263","TECHNISCHE UNIVERSITÄT WIEN","L","Focused","Very High","A","Historic",46.4,43.2,40.58,190,174,184,43.4,256,"Austria"
"264","RUTGERS - THE STATE UNIVERSITY OF NEW JERSEY NEW BRUNSWICK","XL","Comprehensive","Very High","A","Historic",43.7,44.5,41.31,208,167,175,43.2,257,"United States"
"265","YESHIVA UNIVERSITY","M","Full Comprehensive","Very High","B","Historic",43.6,42.7,43.09,209,177,165,43.1,258,"United States"
"266","TECHNISCHE UNIVERSITÄT DARMSTADT","L","Focused","Very High","A","Historic",44.7,43.8,40.39,202,170,185,43,259,"Germany"
"267","MAHIDOL UNIVERSITY","L","Full Comprehensive","High","A","Mature",45.5,41.6,41.63,195,186,172,42.9,260,"Thailand"
"268","QUEENSLAND UNIVERSITY OF TECHNOLOGY (QUT)","XL","Comprehensive","Very High","A","Young",43.2,41.9,,212,184,,42.5,261,"Australia"
"269","UNIVERSITY OF TECHNOLOGY SYDNEY (UTS)","L","Comprehensive","Very High","A","Established",45,42.4,39.98,199,179,193,42.5,262,"Australia"
"270","UNIVERSITÀ DEGLI STUDI DI PADOVA (UNIPD)","XL","Full Comprehensive","Very High","A","Historic",45.1,42.9,38.99,198,175,204,42.3,263,"Italy"
"271","UNIVERSITY OF NEWCASTLE","L","Full Comprehensive","High","A","Established",45.5,40.4,41,195,193,180,42.3,264,"Australia"
"272","TECNOLÓGICO DE MONTERREY (ITESM)","L","Full Comprehensive","Medium","B","Mature",46.1,41.9,38.51,192,184,210,42.2,266,"Mexico"
"273","UNIVERSITY OF CALIFORNIA RIVERSIDE (UCR)","L","Full Comprehensive","High","A","Mature",45.2,42.8,38.61,197,176,209,42.2,265,"United States"
"274","UNIVERSITY OF WOLLONGONG","L","Full Comprehensive","High","A","Established",43.4,42.1,41.11,211,182,177,42.2,265,"Australia"
"275","BEN GURION UNIVERSITY OF THE NEGEV","L","Full Comprehensive","Very High","A","Established",42.1,,,217,,,42.1,268,"Israel"
"276","NATIONAL YANG MING UNIVERSITY","S","Full Comprehensive","Very High","A","Established",45.6,40.7,39.95,194,192,194,42.1,269,"China, Republic of (Taiwan)"
"277","UNIVERSITÄT ERLANGEN-NÜRNBERG","XL","Full Comprehensive","Very High","A","Historic",43.2,42,40.96,212,183,181,42.1,270,"Germany"
"278","UNIVERSITY OF MASSACHUSETTS AMHERST","L","Comprehensive","Very High","A","Historic",43.5,43.5,39.43,210,171,198,42.1,267,"United States"
"279","KOBE UNIVERSITY","L","Full Comprehensive","Very High","A","Mature",41.9,,,219,,,41.9,272,"Japan"
"280","UMEÅ UNIVERSITY","L","Full Comprehensive","High","A","Established",44.8,,39.01,201,,203,41.9,271,"Sweden"
"281","GEORGE WASHINGTON UNIVERSITY","L","Full Comprehensive","Very High","B","Historic",41.6,,,221,,,41.6,275,"United States"
"282","JOHANNES GUTENBERG UNIVERSITÄT MAINZ","XL","Full Comprehensive","Very High","A","Historic",41.6,,,221,,,41.6,275,"Germany"
"283","NATIONAL UNIVERSITY OF IRELAND GALWAY (NUIG)","L","Full Comprehensive","High","A","Historic",43.6,41.5,39.85,209,187,196,41.6,273,"Ireland"
"284","RMIT UNIVERSITY","L","Comprehensive","Very High","A","Young",41.6,,,221,,,41.6,275,"Australia"
"285","UNIVERSITY OF EASTERN FINLAND","M","Comprehensive","Very High","A","Established",44.8,41.2,38.87,201,190,208,41.6,274,"Finland"
"286","UNIVERSITY OF UTAH","L","Full Comprehensive","Very High","A","Historic",40.7,42.5,41.57,227,178,173,41.6,276,"United States"
"287","UNIVERSITÄT INNSBRUCK","L","Full Comprehensive","High","A","Historic",42.9,41.3,40.37,214,189,186,41.5,278,"Austria"
"288","UNIVERSITAT POMPEU FABRA","M","Comprehensive","Very High","A","Young",41.7,41.8,41.08,220,185,179,41.5,277,"Spain"
"289","TOKYO MEDICAL AND DENTAL UNIVERSITY","S","Focused","Very High","A","Mature",41.9,42.1,40.34,219,182,187,41.4,279,"Japan"
"290","UNIVERSITÄT KÖLN","XL","Full Comprehensive","Very High","B","Historic",41.3,,,222,,,41.3,280,"Germany"
"291","UNIVERSITÉ PARIS DESCARTES","L","Full Comprehensive","Very High","A","Historic",44,42.2,37.64,207,181,216,41.3,281,"France"
"292","UNIVERSITÄT KONSTANZ","M","Comprehensive","Very High","A","Established",40.9,42.3,40.31,225,180,189,41.2,282,"Germany"
"293","CURTIN UNIVERSITY","XL","Comprehensive","Very High","A","Established",39.8,41.5,41.5,235,187,174,40.9,283,"Australia"
"294","HONG KONG BAPTIST UNIVERSITY (HKBU)","M","Full Comprehensive","High","A","Young",40.3,41.4,40.88,230,188,182,40.9,286,"Hong Kong"
"295","INDIAN INSTITUTE OF TECHNOLOGY KANPUR (IITK)","M","Comprehensive","Very High","A","Mature",41.6,40.7,40.32,221,192,188,40.9,285,"India"
"296","UNIVERSIDAD DE LOS ANDES COLOMBIA","L","Full Comprehensive","Medium","B","Mature",45.1,42.2,35.36,198,181,227,40.9,284,"Colombia"
"297","UNIVERSITY OF CALIFORNIA SANTA CRUZ (UCSC)","L","Comprehensive","Very High","A","Established",44.9,39.5,38.1,200,197,213,40.8,287,"United States"
"298","UNIVERSIDADE FEDERAL DO RIO DE JANEIRO","XL","Full Comprehensive","Very High","A","Mature",44.5,41.5,35.39,203,187,226,40.5,289,"Brazil"
"299","UNIVERSITY OF SURREY","L","Comprehensive","Very High","A","Historic",40.5,,,228,,,40.5,288,"United Kingdom"
"300","ÉCOLE DES PONTS PARISTECH","S","Focused","High","A","Historic",42.2,40.2,38.9,216,194,207,40.4,290,"France"
"301","UNIVERSITY OF INDONESIA","XL","Full Comprehensive","Medium","A","Historic",40.9,39.4,40.74,225,198,183,40.3,291,"Indonesia"
"302","HIROSHIMA UNIVERSITY","L","Full Comprehensive","Very High","A","Mature",40.5,39.5,40.29,228,197,190,40.1,292,"Japan"
"303","L.N. GUMILYOV EURASIAN NATIONAL UNIVERSITY","L","Comprehensive","Medium","A","Young",40,,,233,,,40,293,"Kazakhstan"
"304","LAVAL UNIVERSITY","L","Full Comprehensive","Very High","A","Historic",41.7,38.2,,220,208,,40,294,"Canada"
"305","UNIVERSITÄT MANNHEIM","L","Focused","Very High","A","Historic",39.9,,,234,,,39.9,297,"Germany"
"306","UNIVERSITY AT BUFFALO SUNY","L","Full Comprehensive","Very High","A","Historic",41.6,40.1,38.06,221,195,215,39.9,295,"United States"
"307","UNIVERSITY OF VICTORIA","L","Comprehensive","Very High","A","Mature",42.2,38.6,38.93,216,204,205,39.9,296,"Canada"
"308","SOAS - SCHOOL OF ORIENTAL AND AFRICAN STUDIES UNIVERSITY OF LONDON","S","Specialist","Very High","A","Mature",39.8,,,235,,,39.8,298,"United Kingdom"
"309","UNIVERSITY OF JYVÄSKYLÄ","M","Comprehensive","Very High","A","Mature",40.3,40.2,38.16,230,194,212,39.6,300,"Finland"
"310","UNIVERSITY OF PORTO","XL","Full Comprehensive","Very High","A","Historic",42,37.3,,218,213,,39.6,299,"Portugal"
"311","ARIZONA STATE UNIVERSITY","XL","Comprehensive","Very High","A","Historic",41.9,40.9,35.73,219,191,225,39.5,301,"United States"
"312","BRANDEIS UNIVERSITY","M","Comprehensive","Very High","B","Mature",40.4,38.5,,229,205,,39.5,305,"United States"
"313","UNIVERSIDAD DE NAVARRA","M","Full Comprehensive","Very High","B","Mature",45.8,39,33.64,193,201,239,39.5,303,"Spain"
"314","UNIVERSITY OF HAWAII AT MĀNOA","L","Full Comprehensive","Very High","A","Historic",40,38.3,40.09,233,207,192,39.5,304,"United States"
"315","WUHAN UNIVERSITY","XL","Full Comprehensive","Very High","A","Historic",39.5,,,238,,,39.5,302,"China, People's Republic of"
"316","UNIVERSITÄT LEIPZIG","L","Full Comprehensive","Very High","A","Historic",42.3,39.3,36.65,215,199,220,39.4,306,"Germany"
"317","UNIVERSIDAD AUSTRAL","S","Comprehensive","Medium","B","Young",43.1,38.8,35.89,213,202,223,39.3,307,"Argentina"
"318","INDIAN INSTITUTE OF TECHNOLOGY MADRAS (IITM)","M","Comprehensive","Very High","A","Mature",40.2,39.2,38.09,231,200,214,39.2,310,"India"
"319","UNIVERSITY OF SOUTHERN DENMARK","L","Focused","Very High","A","Established",41.1,39.3,37.28,223,199,218,39.2,308,"Denmark"
"320","UNIVERSITY OF TROMSO","M","Full Comprehensive","Very High","A","Established",39.2,,,240,,,39.2,309,"Norway"
"321","CITY UNIVERSITY LONDON","L","Comprehensive","High","A","Historic",39.1,,,241,,,39.1,311,"United Kingdom"
"322","CHRISTIAN-ALBRECHTS-UNIVERSITÄT ZU KIEL","L","Full Comprehensive","Very High","A","Historic",34.9,40.9,41.1,270,191,178,39,312,"Germany"
"323","GRIFFITH UNIVERSITY","L","Full Comprehensive","High","A","Established",40,37.7,,233,212,,38.9,315,"Australia"
"324","JULIUS-MAXIMILIANS-UNIVERSITÄT WÜRZBURG","L","Full Comprehensive","Very High","A","Historic",39.1,38.4,39.34,241,206,200,38.9,313,"Germany"
"325","UNIVERSITY OF SOUTH AUSTRALIA (UNISA)","L","Comprehensive","Very High","A","Young",39.7,37.7,39.26,236,212,201,38.9,314,"Australia"
"326","LINKÖPING UNIVERSITY","L","Comprehensive","Very High","A","Established",43.4,38.1,35.03,211,209,230,38.8,316,"Sweden"
"327","ECOLE NORMALE SUPÉRIEURE DE CACHAN","S","Comprehensive","Very High","A","Historic",39.2,38,,240,210,,38.6,318,"France"
"328","UNIVERSITY OF WARSAW","XL","Comprehensive","Very High","A","Historic",39.5,37.8,,238,211,,38.6,317,"Poland"
"329","UNIVERSIDADE NOVA DE LISBOA","L","Full Comprehensive","High","A","Established",40.8,36.1,,226,220,,38.5,320,"Portugal"
"330","UNIVERSITI SAINS MALAYSIA (USM)","L","Full Comprehensive","Very High","A","Mature",41,36,,224,221,,38.5,319,"Malaysia"
"331","UNIVERSITÁ DEGLI STUDI DI ROMA - TOR VERGATA","XL","Comprehensive","Very High","A","Established",41.3,38.7,35.31,222,203,228,38.4,321,"Italy"
"332","NORTH CAROLINA STATE UNIVERSITY","L","Comprehensive","Very High","A","Historic",35.8,39.7,39.4,265,196,199,38.3,322,"United States"
"333","STONY BROOK UNIVERSITY","L","Full Comprehensive","Very High","A","Mature",38.1,37.8,38.91,248,211,206,38.3,323,"United States"
"334","UNIVERSITY OF COIMBRA","L","Full Comprehensive","Very High","A","Historic",38.3,,,247,,,38.3,322,"Portugal"
"335","WAKE FOREST UNIVERSITY","M","Full Comprehensive","Very High","B","Historic",39.2,38.2,37.36,240,208,217,38.3,324,"United States"
"336","HERIOT-WATT UNIVERSITY","M","Comprehensive","Very High","A","Established",38.1,,,248,,,38.1,327,"United Kingdom"
"337","IOWA STATE UNIVERSITY","L","Comprehensive","Very High","A","Historic",38.5,38.6,37.24,245,204,219,38.1,326,"United States"
"338","MASSEY UNIVERSITY","L","Comprehensive","Very High","A","Mature",38.9,37.3,38.19,243,213,211,38.1,325,"New Zealand"
"339","BRUNEL UNIVERSITY","L","Comprehensive","Very High","A","Established",38,,,249,,,38,328,"United Kingdom"
"340","PONTIFICIA UNIVERSIDAD JAVERIANA","L","Full Comprehensive","Medium","B","Historic",38.8,36.8,,244,217,,37.8,329,"Colombia"
"341","AL-FARABI KAZAKH NATIONAL UNIVERSITY","L","Comprehensive","Medium","A","Mature",41.3,40.2,31.72,222,194,247,37.7,330,"Kazakhstan"
"342","BOSTON COLLEGE","L","Comprehensive","High","B","Historic",39.1,38.1,35.84,241,209,224,37.7,332,"United States"
"343","KING ABDUL AZIZ UNIVERSITY (KAU)","XL","Full Comprehensive","High","A","Established",39.6,35.8,,237,222,,37.7,331,"Saudi Arabia"
"344","NANKAI UNIVERSITY","L","Full Comprehensive","Very High","A","Mature",39.9,35.5,,234,224,,37.7,331,"China, People's Republic of"
"345","RENSSELAER POLYTECHNIC INSTITUTE","M","Comprehensive","Very High","B","Historic",37.7,36.1,39.07,250,220,202,37.6,333,"United States"
"346","UNIVERSITY OF THE WITWATERSRAND","L","Full Comprehensive","High","A","Historic",40.3,39.2,33.29,230,200,242,37.6,334,"South Africa"
"347","UNIVERSITÉ AIX-MARSEILLE","XL","Full Comprehensive","Very High","A","Historic",39.1,36,,241,221,,37.5,335,"France"
"348","BAUMAN MOSCOW STATE TECHNICAL UNIVERSITY","L","Focused","High","A","Historic",40.1,38,34.13,232,210,237,37.4,336,"Russia"
"349","TAMPERE UNIVERSITY OF TECHNOLOGY","M","Comprehensive","Very High","A","Established",37.4,,,252,,,37.4,337,"Finland"
"350","UNIVERSITÉ DE BORDEAUX","XL","Focused","Very High","A","Historic",37.3,,,253,,,37.3,338,"France"
"351","INDIAN INSTITUTE OF TECHNOLOGY KHARAGPUR (IITKGP)","M","Focused","Very High","A","Mature",40,37.1,34.43,233,215,235,37.2,340,"India"
"352","SUN YAT-SEN UNIVERSITY","XL","Full Comprehensive","Very High","A","Mature",40.2,34.1,,231,232,,37.2,341,"China, People's Republic of"
"353","UNIVERSITI TEKNOLOGI MALAYSIA (UTM)","L","Comprehensive","Very High","A","Historic",41.9,36,33.65,219,221,238,37.2,339,"Malaysia"
"354","UNIVERSIDAD CARLOS III DE MADRID","L","Focused","Very High","A","Established",38,38.8,34.58,249,202,232,37.1,342,"Spain"
"355","UNIVERSIDAD NACIONAL DE COLOMBIA","XL","Full Comprehensive","High","A","Historic",40.4,38.4,32.13,229,206,246,37,343,"Colombia"
"356","UNIVERSITAT POLITÈCNICA DE CATALUNYA","L","Comprehensive","Very High","A","Established",39.3,37.2,34.33,239,214,236,36.9,344,"Spain"
"357","UNIVERSITÉ PARIS DAUPHINE","M","Specialist","High","A","Established",36.9,,,256,,,36.9,345,"France"
"358","UNIVERSITY OF ESSEX","L","Comprehensive","High","A","Mature",36.8,,,257,,,36.8,346,"United Kingdom"
"359","DUBLIN CITY UNIVERSITY (DCU)","M","Comprehensive","Very High","A","Established",37,36.8,35.97,255,217,222,36.6,348,"Ireland"
"360","UNIVERSITÀ DEGLI STUDI DI PAVIA (UNIPV)","L","Full Comprehensive","High","A","Historic",36.6,,,258,,,36.6,347,"Italy"
"361","VIRGINIA POLYTECHNIC INSTITUTE (VIRGINIA TECH)","XL","Full Comprehensive","Very High","A","Historic",38,,35.2,249,,229,36.6,347,"United States"
"362","AALBORG UNIVERSITY","L","Full Comprehensive","High","A","Established",37.3,38,34.13,253,210,237,36.5,350,"Denmark"
"363","UNIVERSITY OF MISSISSIPPI","L","Comprehensive","Very High","A","Historic",36.5,,,259,,,36.5,349,"United States"
"364","UNIVERSITI PUTRA MALAYSIA (UPM)","L","Full Comprehensive","Very High","A","Established",36.4,,,260,,,36.4,351,"Malaysia"
"365","NOVOSIBIRSK STATE UNIVERSITY","M","Full Comprehensive","High","A","Mature",39.9,36.2,32.94,234,219,244,36.3,352,"Russia"
"366","UNIVERSITÀ DEGLI STUDI DI FIRENZE (UNIFI)","XL","Full Comprehensive","Very High","A","Mature",38.1,34.5,,248,230,,36.3,353,"Italy"
"367","EWHA WOMANS UNIVERSITY","L","Full Comprehensive","High","B","Historic",38,35.6,34.94,249,223,231,36.2,355,"Korea, South"
"368","POLITECNICO DI TORINO","L","Focused","Very High","A","Historic",37.1,35.2,,254,226,,36.2,356,"Italy"
"369","UNIVERSITÀ CATTOLICA DEL SACRO CUORE","XL","Comprehensive","Very High","B","Mature",36.2,,,261,,,36.2,354,"Italy"
"370","JAMES COOK UNIVERSITY (JCU)","M","Full Comprehensive","Very High","A","Established",38.4,36.5,33.49,246,218,241,36.1,358,"Australia"
"371","OXFORD BROOKES UNIVERSITY","L","Comprehensive","High","A","Historic",36.1,,,262,,,36.1,359,"United Kingdom"
"372","UNIVERSITÀ DEGLI STUDI DI NAPOLI FEDERICO II","XL","Full Comprehensive","Very High","A","Historic",39,33.3,,242,236,,36.1,357,"Italy"
"373","UNIVERSITÄT BREMEN","L","Comprehensive","Very High","A","Established",38.5,35.2,34.46,245,226,233,36.1,360,"Germany"
"374","UNIVERSITY OF TARTU","L","Full Comprehensive","High","A","Historic",36.1,,,262,,,36.1,359,"Estonia"
"375","DEAKIN UNIVERSITY","XL","Full Comprehensive","High","A","Established",37.5,34.4,,251,231,,36,362,"Australia"
"376","TAIPEI MEDICAL UNIVERSITY","M","Focused","Very High","B","Mature",36.1,35.5,36.28,262,224,221,36,361,"China, Republic of (Taiwan)"
"377","UNITED ARAB EMIRATES UNIVERSITY","M","Full Comprehensive","High","A","Established",35.9,,,264,,,35.9,363,"United Arab Emirates"
"378","TILBURG UNIVERSITY","M","Focused","Very High","A","Mature",36.9,34.8,,256,228,,35.8,364,"Netherlands"
"379","UNIVERSITY OF TEXAS DALLAS","L","Comprehensive","Very High","A","Established",36.2,35.4,,261,225,,35.8,365,"United States"
"380","WASHINGTON STATE UNIVERSITY","L","Full Comprehensive","Very High","A","Historic",36.1,35.4,,262,225,,35.8,366,"United States"
"381","AMERICAN UNIVERSITY OF SHARJAH","M","Full Comprehensive","Medium","B","Young",35.6,,,266,,,35.6,367,"United Arab Emirates"
"382","ASTON UNIVERSITY","M","Comprehensive","Very High","A","Established",35.6,,,266,,,35.6,367,"United Kingdom"
"383","JAGIELLONIAN UNIVERSITY","XL","Comprehensive","Very High","A","Historic",36.6,34.6,,258,229,,35.6,367,"Poland"
"384","RUHR-UNIVERSITÄT BOCHUM","XL","Full Comprehensive","Very High","A","Mature",35.8,35.4,,265,225,,35.6,368,"Germany"
"385","UNIVERSITY OF KANSAS","L","Full Comprehensive","Very High","A","Historic",36.6,34.6,,258,229,,35.6,367,"United States"
"386","TONGJI UNIVERSITY","XL","Full Comprehensive","Very High","A","Historic",35.5,,,267,,,35.5,369,"China, People's Republic of"
"387","AMERICAN UNIVERSITY IN CAIRO","M","Comprehensive","High","B","Mature",37.5,36.9,31.62,251,216,249,35.3,370,"Egypt"
"388","UNIVERSITY OF THE PHILIPPINES","XL","Full Comprehensive","Medium","A","Historic",36.9,34.4,34.45,256,231,234,35.2,371,"Philippines"
"389","UNIVERSITÄT JENA","L","Full Comprehensive","Very High","A","Historic",34.8,35.5,,271,224,,35.1,372,"Germany"
"390","XI'AN JIAOTONG UNIVERSITY","L","Full Comprehensive","Very High","A","Historic",36.1,35.1,33.52,262,227,240,34.9,373,"China, People's Republic of"
"391","POLITÉCNICA DE MADRID","L","Specialist","Very High","A","Established",35.9,33.6,,264,235,,34.8,374,"Spain"
"392","BILKENT UNIVERSITY","M","Comprehensive","Very High","B","Established",34.7,,,272,,,34.7,375,"Turkey"
"393","BOGAZIÇI ÜNIVERSITESI","M","Comprehensive","Very High","A","Historic",34.7,,,272,,,34.7,375,"Turkey"
"394","STELLENBOSCH UNIVERSITY","L","Full Comprehensive","High","A","Historic",35.6,33.7,,266,234,,34.7,376,"South Africa"
"395","UNIVERSITÀ DEGLI STUDI DI TORINO (UNITO)","XL","Full Comprehensive","Very High","A","Historic",35.2,33.2,,268,237,,34.2,377,"Italy"
"396","NATIONAL TAIWAN UNIVERSITY OF SCIENCE AND TECHNOLOGY","M","Focused","Very High","A","Established",36.6,,31.38,258,,251,34,379,"China, Republic of (Taiwan)"
"397","NORTHEASTERN UNIVERSITY","L","Comprehensive","Very High","B","Historic",34.7,33.3,,272,236,,34,378,"United States"
"398","UNIVERSITÄT REGENSBURG","L","Comprehensive","Very High","A","Mature",35,,32.91,269,,245,34,381,"Germany"
"399","UNIVERSITY OF TAMPERE","M","Comprehensive","Very High","A","Mature",35.9,34.6,31.44,264,229,250,34,380,"Finland"
"400","MOSCOW STATE INSTITUTE OF INTERNATIONAL RELATIONS (MGIMO-UNIVERSITY)","M","Focused","Low","A","Mature",34.7,33.8,33.03,272,233,243,33.8,382,"Russia"
"401","SOGANG UNIVERSITY","M","Comprehensive","Very High","B","Mature",36,,31.64,263,,248,33.8,383,"Korea, South"
"402","UNIVERSITY OF NEW MEXICO","L","Full Comprehensive","Very High","A","Historic",34.8,,31.32,271,,252,33.1,384,"United States"
